{
  "logistic_regression": {
    "test_metrics": {
      "accuracy": 0.4725274725274725,
      "precision": 0.5806451612903226,
      "recall": 0.33962264150943394,
      "f1_score": 0.42857142857142855
    },
    "train_metrics": {
      "accuracy": 0.7638888888888888,
      "precision": 0.7821229050279329,
      "recall": 0.7526881720430108,
      "f1_score": 0.7671232876712328
    },
    "overfitting": 0.2913614163614163
  },
  "random_forest": {
    "test_metrics": {
      "accuracy": 0.5604395604395604,
      "precision": 0.6756756756756757,
      "recall": 0.4716981132075472,
      "f1_score": 0.5555555555555556
    },
    "train_metrics": {
      "accuracy": 1.0,
      "precision": 1.0,
      "recall": 1.0,
      "f1_score": 1.0
    },
    "overfitting": 0.43956043956043955
  },
  "neural_network": {
    "test_metrics": {
      "accuracy": 0.5604395604395604,
      "precision": 0.5764705882352941,
      "recall": 0.9245283018867925,
      "f1_score": 0.7101449275362319
    },
    "train_metrics": {
      "accuracy": 0.5416666666666666,
      "precision": 0.530791788856305,
      "recall": 0.9731182795698925,
      "f1_score": 0.6869070208728653
    },
    "overfitting": -0.018772893772893817
  },
  "time_series": {
    "test_metrics": {
      "accuracy": 0.4945054945054945,
      "precision": 0.5853658536585366,
      "recall": 0.4528301886792453,
      "f1_score": 0.5106382978723404
    },
    "train_metrics": {
      "accuracy": 0.5972222222222222,
      "precision": 0.6030150753768844,
      "recall": 0.6451612903225806,
      "f1_score": 0.6233766233766234
    },
    "overfitting": 0.10271672771672768
  }
}